,sample_id,num_shot,prompt,response,reflection_gpt,reflection_human,gpt_valid_reflection
0,7,4,"Let me see if I recall correctly, so you think of Smell as something bad about smoking Please describe a time where you were worried about the smell of cigarettes but ended up smoking", I worry when working in a school that the teachers and pupils think I smell of smoke,Smoking can be distracting during class. It also causes other problems such as headaches and nausea.,You're worried how the smell of smoke affects those around you.,1
1,8,4,Please describe a time where you thought about the cost of smoking and it prevented it you from smoking a cigarette, When I was saving up to go abroad it was a real intensive not to smoke. ,Saving money can be a good thing. It helps you save more money later.,Having a goal helped you to smoke less.,1
2,9,4,Think back to the time when you were able to prevent yourself from smoking. What made it different from when you did smoke?, I had more of a positive and determined attitude. ,Positive and determined attitudes make it easier to resist temptation.,Feeling positive and determined helped you to not smoke.,1
3,10,4,"Ok, so you associate Routine as something positive about smoking Please describe a time where you smoked routinely without thinking about it", i read a awful lot and have got into the habbit of reading my book outside with a cup of tea.  This i think is the worst thing as i associate it as the habit of doing all together,Smoking habits can be good or bad depending upon how often they occur.,Smoking is part of a routine for you.,1
4,11,4,"Let me see if I recall correctly, so you think of Poor role model as something bad about smoking Please describe a situation where you thought about wanting to be a good role model but ended up smoking", i am a mother i never smoke in front of my daughter i go outside and never smoke in front of her,Smoking can affect how others view you. It also impacts your ability to influence them.,You're worried about how others will learn from your smoking.,1
5,12,4,"Thank you for confirming my understanding I see, you think that cigarettes are expensive I would like to know more about your reasoning, is it possible to use more words in your sentences What else do you find negative about smoking?", the sheer price now is becoming very hard to pay,"Smoking costs money. It also takes away from other activities you might want to pursue. For example, you can't go skiing because you have to buy skis. Or you don't get to play golf anymore because you need to purchase clubs.",The cost of smoking is a concern for you.,0
6,13,4,Please describe a time where you smoked routinely without thinking about it, When I've got a lot on my mind I feel as if it gives me the go ahead to smoke. I don't even know how many I smoke during these periods.,Smoking helps you focus on what matters most. It also allows you to be more productive because you're focused on one thing instead of multiple tasks.,Smoking helps you think.,0
7,14,4,Please describe a time where you missed your routinely smoke, When I have none left at night time and the shop is shut. I feel as if I wont be able to cope. I certainly don't sleep well.,Smoking can affect how much you enjoy life. It also impacts your ability to function normally.,Not smoking makes you agitated.,1
8,15,4,Please describe a time where you wanted to distract yourself and did without smoking, Most of the time I distract myself with smoking honestly. If I'm at church or somewhere similar where it is not allowed I will find something to read or clean while I wait for an opportunity to take a smoke break.,Smoking helps you focus on what matters most. It also allows you to be more present during times when you need to be focused.,You use smoking to distract yourself.,0
9,16,4,Please describe a time where you were worried about the smell of cigarettes and you didn't smoke, When I was going to my doctor. I refrained from smoking on the way so she wouldn't smell it and be reminded to lecture me about smoking.,Smoking can make you feel uncomfortable because of its odor. It also causes other problems such as coughing and throat irritation.,You don't want others to judge your smoking habits.,0
10,17,4,"From what I gather, it seems that you think Health is something bad about smoking Please describe a time where you contemplated the consequences of smoking on your health and ended up smoking", When a friend was diagnosed with COPD. Thought about my own health,Smoking can affect your physical health.,Your friend's health made you think about your own smoking.,1
11,18,4,Please express a time where you experienced social stigma and didn't smoke, Standing outside a church after a wedding. I couldn't see any other smokers and felt too embarrassed to smoke because of this.,Social stigma can be a problem for many smokers. It may affect how others perceive you.,Being around non-smokers made you not smoke.,1
12,19,4,Thank you for clearing that up Do you have more positive things about smoking? Tell me if you can think of any, It  something to look forward to doing.,Smoking helps you enjoy life.,Smoking is something you look forward to do.,1
13,20,4,Think back to the time when you were able to prevent yourself from smoking. What made it different from when you did smoke?, I just thought of all the bad things that smoking does and it was enough for me to not smoke,Smoking can be very harmful to your physical appearance. It may affect how others perceive you.,Thinking about the bad effects of smoking helped you stop.,1
14,21,4,Please describe a time where you experienced stress and ended up smoking, whenever I am stressed and pacing the floors I need a cigarrette and can not control my will power,Stress is a common reason smokers have trouble quitting. It may be related to nicotine addiction.,Being stressed increases your urge to smoke.,1
15,22,4,Please express a time where you experienced social stigma but still ended up smoking, When I was the only smoker amongst a group of friends on a night out. I smoked before we went into the theatre and they stood with me.,Social stigma can be a problem for smokers. It may affect how others perceive them.,You are worried about what your friends think of your smoking.,1
16,23,4,Please describe a time where you experienced stress and ended up smoking, When I couldn't  find the tv remote anywhere. It stressed me out so I smoked instead.,Stress can be a problem for smokers.,Smoking helped you relieve stress.,1
17,24,4,Please describe a time where you were with other smokers and you didn't smoked, When I was trying to cut down on the amount I smoked I reffused to smoke just because they were.,Smoking can be intimidating for others who don't smoke. It may make them feel uncomfortable. This could lead to social isolation.,You did not smoke even around other smokers.,1
18,25,4,"Thank you for confirming my understanding I see, you think that cigarettes are expensive Are there other things that are bad about smoking? If so, please tell me", It gives off a bad example to my children,Smoking can be costly for you financially.,You're worried about being a good role model to your children.,0
19,26,4,Think back to the time when you were able to prevent yourself from smoking. What made it different from when you did smoke?, i tried to keep myself distracted by doing things other than routine,This distracts you from thinking about how much you miss being able to smoke. It also helps you focus on what you want instead of worrying about what others might say about you.,Doing something outside your routine helped you to not smoke.,0
20,7,5,"Let me see if I recall correctly, so you think of Smell as something bad about smoking Please describe a time where you were worried about the smell of cigarettes but ended up smoking", I worry when working in a school that the teachers and pupils think I smell of smoke,It can be difficult to keep your cool during stressful situations. This helps you stay focused and motivated.,You're worried how the smell of smoke affects those around you.,0
21,8,5,Please describe a time where you thought about the cost of smoking and it prevented it you from smoking a cigarette, When I was saving up to go abroad it was a real intensive not to smoke. ,Saving money helps you to stop smoking.,Having a goal helped you to smoke less.,1
22,9,5,Think back to the time when you were able to prevent yourself from smoking. What made it different from when you did smoke?, I had more of a positive and determined attitude. ,Being positive and determined helps you to stop smoking.,Feeling positive and determined helped you to not smoke.,1
23,10,5,"Ok, so you associate Routine as something positive about smoking Please describe a time where you smoked routinely without thinking about it", i read a awful lot and have got into the habbit of reading my book outside with a cup of tea.  This i think is the worst thing as i associate it as the habit of doing all together,Smoking habits can be good or bad depending on how often they occur.,Smoking is part of a routine for you.,0
24,11,5,"Let me see if I recall correctly, so you think of Poor role model as something bad about smoking Please describe a situation where you thought about wanting to be a good role model but ended up smoking", i am a mother i never smoke in front of my daughter i go outside and never smoke in front of her,Being a good role model helps you feel better about being a smoker.,You're worried about how others will learn from your smoking.,0
25,12,5,"Thank you for confirming my understanding I see, you think that cigarettes are expensive I would like to know more about your reasoning, is it possible to use more words in your sentences What else do you find negative about smoking?", the sheer price now is becoming very hard to pay,It can be difficult to afford cigarettes these days.,The cost of smoking is a concern for you.,1
26,13,5,Please describe a time where you smoked routinely without thinking about it, When I've got a lot on my mind I feel as if it gives me the go ahead to smoke. I don't even know how many I smoke during these periods.,Smoking regularly without thinking about it helps you stay focused on what matters most.,Smoking helps you think.,0
27,14,5,Please describe a time where you missed your routinely smoke, When I have none left at night time and the shop is shut. I feel as if I wont be able to cope. I certainly don't sleep well.,Smoking can make you miss your regularly smoked cigarette. It also helps you get through those times when you need to smoke.,Not smoking makes you agitated.,0
28,15,5,Please describe a time where you wanted to distract yourself and did without smoking, Most of the time I distract myself with smoking honestly. If I'm at church or somewhere similar where it is not allowed I will find something to read or clean while I wait for an opportunity to take a smoke break.,Smoking helps you focus on what matters most. It also allows you to be present in other areas of life.,You use smoking to distract yourself.,0
29,16,5,Please describe a time where you were worried about the smell of cigarettes and you didn't smoke, When I was going to my doctor. I refrained from smoking on the way so she wouldn't smell it and be reminded to lecture me about smoking.,Smoking can make others feel uncomfortable because they don't want to smell it. It also creates a sense of shame among smokers who may have been embarrassed by their own habit.,You don't want others to judge your smoking habits.,1
30,17,5,"From what I gather, it seems that you think Health is something bad about smoking Please describe a time where you contemplated the consequences of smoking on your health and ended up smoking", When a friend was diagnosed with COPD. Thought about my own health,Smoking can affect your physical health.,Your friend's health made you think about your own smoking.,1
31,18,5,Please express a time where you experienced social stigma and didn't smoke, Standing outside a church after a wedding. I couldn't see any other smokers and felt too embarrassed to smoke because of this.,Social stigma can be a problem for many smokers. It may make them feel uncomfortable being seen by others who don't smoke. This could lead to feelings of shame and embarrassment which would then cause them to stop smoking.,Being around non-smokers made you not smoke.,1
32,19,5,Thank you for clearing that up Do you have more positive things about smoking? Tell me if you can think of any, It  something to look forward to doing.,Smoking helps you feel good about life.,Smoking is something you look forward to do.,1
33,20,5,Think back to the time when you were able to prevent yourself from smoking. What made it different from when you did smoke?, I just thought of all the bad things that smoking does and it was enough for me to not smoke,It took courage to be honest with yourself about what you don't want to happen.,Thinking about the bad effects of smoking helped you stop.,1
34,21,5,Please describe a time where you experienced stress and ended up smoking, whenever I am stressed and pacing the floors I need a cigarrette and can not control my will power,Stressful situations make you want to smoke.,Being stressed increases your urge to smoke.,1
35,22,5,Please express a time where you experienced social stigma but still ended up smoking, When I was the only smoker amongst a group of friends on a night out. I smoked before we went into the theatre and they stood with me.,Social stigma can be a problem for smokers. It may affect how others perceive them.,You are worried about what your friends think of your smoking.,1
36,23,5,Please describe a time where you experienced stress and ended up smoking, When I couldn't  find the tv remote anywhere. It stressed me out so I smoked instead.,Stress can be stressful for smokers.,Smoking helped you relieve stress.,0
37,24,5,Please describe a time where you were with other smokers and you didn't smoked, When I was trying to cut down on the amount I smoked I reffused to smoke just because they were.,Being surrounded by others who don't smoke helps you stay away from smoking.,You did not smoke even around other smokers.,0
38,25,5,"Thank you for confirming my understanding I see, you think that cigarettes are expensive Are there other things that are bad about smoking? If so, please tell me", It gives off a bad example to my children,Smoking can be costly for families.,You're worried about being a good role model to your children.,1
39,26,5,Think back to the time when you were able to prevent yourself from smoking. What made it different from when you did smoke?, i tried to keep myself distracted by doing things other than routine,"Tasks such as reading books, playing games, watching movies, etc., can distract you from smoking.",Doing something outside your routine helped you to not smoke.,1
40,7,6,"Let me see if I recall correctly, so you think of Smell as something bad about smoking Please describe a time where you were worried about the smell of cigarettes but ended up smoking", I worry when working in a school that the teachers and pupils think I smell of smoke,You feel uncomfortable because others may judge you based on how you look.,You're worried how the smell of smoke affects those around you.,1
41,8,6,Please describe a time where you thought about the cost of smoking and it prevented it you from smoking a cigarette, When I was saving up to go abroad it was a real intensive not to smoke. ,Saving money helps you to stop smoking.,Having a goal helped you to smoke less.,1
42,9,6,Think back to the time when you were able to prevent yourself from smoking. What made it different from when you did smoke?, I had more of a positive and determined attitude. ,Being positive and determined helps you overcome any fear associated with smoking.,Feeling positive and determined helped you to not smoke.,1
43,10,6,"Ok, so you associate Routine as something positive about smoking Please describe a time where you smoked routinely without thinking about it", i read a awful lot and have got into the habbit of reading my book outside with a cup of tea.  This i think is the worst thing as i associate it as the habit of doing all together,Smoking routine helps you stay focused on your goal. It also gives you a sense of accomplishment.,Smoking is part of a routine for you.,1
44,11,6,"Let me see if I recall correctly, so you think of Poor role model as something bad about smoking Please describe a situation where you thought about wanting to be a good role model but ended up smoking", i am a mother i never smoke in front of my daughter i go outside and never smoke in front of her,Being a good role model helps you feel better about yourself.,You're worried about how others will learn from your smoking.,1
45,12,6,"Thank you for confirming my understanding I see, you think that cigarettes are expensive I would like to know more about your reasoning, is it possible to use more words in your sentences What else do you find negative about smoking?", the sheer price now is becoming very hard to pay,It can be difficult to afford cigarettes these days.,The cost of smoking is a concern for you.,1
46,13,6,Please describe a time where you smoked routinely without thinking about it, When I've got a lot on my mind I feel as if it gives me the go ahead to smoke. I don't even know how many I smoke during these periods.,Smoking regularly without considering it can be difficult. It may make you anxious.,Smoking helps you think.,0
47,14,6,Please describe a time where you missed your routinely smoke, When I have none left at night time and the shop is shut. I feel as if I wont be able to cope. I certainly don't sleep well.,Smoking can make you miss your regularly scheduled cigarette break. It also helps you get through those times when you need to take a break from smoking.,Not smoking makes you agitated.,0
48,15,6,Please describe a time where you wanted to distract yourself and did without smoking, Most of the time I distract myself with smoking honestly. If I'm at church or somewhere similar where it is not allowed I will find something to read or clean while I wait for an opportunity to take a smoke break.,Smoking helps you focus on other activities. It also allows you to be alone.,You use smoking to distract yourself.,0
49,16,6,Please describe a time where you were worried about the smell of cigarettes and you didn't smoke, When I was going to my doctor. I refrained from smoking on the way so she wouldn't smell it and be reminded to lecture me about smoking.,You don't want others to notice how much you smoke.,You don't want others to judge your smoking habits.,1
50,17,6,"From what I gather, it seems that you think Health is something bad about smoking Please describe a time where you contemplated the consequences of smoking on your health and ended up smoking", When a friend was diagnosed with COPD. Thought about my own health,Smoking can affect your physical health.,Your friend's health made you think about your own smoking.,1
51,18,6,Please express a time where you experienced social stigma and didn't smoke, Standing outside a church after a wedding. I couldn't see any other smokers and felt too embarrassed to smoke because of this.,Social stigma can be a problem for you.,Being around non-smokers made you not smoke.,1
52,19,6,Thank you for clearing that up Do you have more positive things about smoking? Tell me if you can think of any, It  something to look forward to doing.,Smoking helps you feel good about life.,Smoking is something you look forward to do.,1
53,20,6,Think back to the time when you were able to prevent yourself from smoking. What made it different from when you did smoke?, I just thought of all the bad things that smoking does and it was enough for me to not smoke,You have overcome the fear of being judged by others because of your smoking habit.,Thinking about the bad effects of smoking helped you stop.,0
54,21,6,Please describe a time where you experienced stress and ended up smoking, whenever I am stressed and pacing the floors I need a cigarrette and can not control my will power,Stress and pacing are both common symptoms associated with smoking.,Being stressed increases your urge to smoke.,1
55,22,6,Please express a time where you experienced social stigma but still ended up smoking, When I was the only smoker amongst a group of friends on a night out. I smoked before we went into the theatre and they stood with me.,You feel uncomfortable being alone with others who don't smoke.,You are worried about what your friends think of your smoking.,1
56,23,6,Please describe a time where you experienced stress and ended up smoking, When I couldn't  find the tv remote anywhere. It stressed me out so I smoked instead.,Stress can be stressful. Smoking helps relieve stress.,Smoking helped you relieve stress.,0
57,24,6,Please describe a time where you were with other smokers and you didn't smoked, When I was trying to cut down on the amount I smoked I reffused to smoke just because they were.,You don't want others to judge you based on how much you smoke.,You did not smoke even around other smokers.,1
58,25,6,"Thank you for confirming my understanding I see, you think that cigarettes are expensive Are there other things that are bad about smoking? If so, please tell me", It gives off a bad example to my children,Smoking can be costly for families.,You're worried about being a good role model to your children.,1
59,26,6,Think back to the time when you were able to prevent yourself from smoking. What made it different from when you did smoke?, i tried to keep myself distracted by doing things other than routine,This helps you stay focused on your goal.,Doing something outside your routine helped you to not smoke.,1
